الرقم,الميزة,الحالة,الملاحظة
1,لوحة تحكم رئيسية ذكية,موجودة جزئياً أو تحتاج اختباراً,مؤشرات موجودة؛ سجل آخر التعديلات والتنبيهات غير مثبت
2,الحفظ التلقائي والمسودات,غير مكتملة / غير مثبتة,ستضاف مسودة محلية احتياطية فقط، لا مزامنة خادمية
3,سجل التعديلات واستعادة النسخ,غير مكتملة / غير مثبتة,يلزم جدول سجل تغييرات وسياسات استعادة آمنة
4,إدارة الحجوزات المتقدمة,موجودة جزئياً أو تحتاج اختباراً,تحرير حالات الحجوزات موجود؛ منع التكرار يحتاج قيدًا واختبارًا في الخادم
5,البحث والفلاتر والإجراءات الجماعية,موجودة جزئياً أو تحتاج اختباراً,يلزم تحقق وظيفي وقاعدة بيانات وصلاحيات قبل اعتباره مكتملاً
6,مكتبة وسائط احترافية,موجودة جزئياً أو تحتاج اختباراً,مكتبة موجودة؛ الضغط التلقائي يحتاج اختبارًا
7,الأمان والنسخ الاحتياطي,موجودة جزئياً أو تحتاج اختباراً,الأدوار موجودة جزئيًا؛ النسخ الدوري غير مثبت
8,إدارة العربية والإنجليزية,موجودة جزئياً أو تحتاج اختباراً,ترجمة واجهة موجودة؛ اكتمال جميع الحقول غير مثبت
9,جدولة النشر,غير مكتملة / غير مثبتة,يتطلب حقول جدولة ومنع ظهور مؤمّن على الخادم
10,فحص صحة الموقع,موجودة جزئياً أو تحتاج اختباراً,مركز فحص محلي مضاف في هذه الحزمة
12,محرر صفحات مرئي,موجودة جزئياً أو تحتاج اختباراً,يلزم تحقق وظيفي وقاعدة بيانات وصلاحيات قبل اعتباره مكتملاً
13,إدارة القوائم والروابط,موجودة جزئياً أو تحتاج اختباراً,يلزم تحقق وظيفي وقاعدة بيانات وصلاحيات قبل اعتباره مكتملاً
14,إدارة الصفحة الرئيسية,موجودة جزئياً أو تحتاج اختباراً,يلزم تحقق وظيفي وقاعدة بيانات وصلاحيات قبل اعتباره مكتملاً
15,معاينة قبل النشر,موجودة جزئياً أو تحتاج اختباراً,يلزم تحقق وظيفي وقاعدة بيانات وصلاحيات قبل اعتباره مكتملاً
16,نظام تنبيهات إداري,غير مكتملة / غير مثبتة,يلزم تحقق وظيفي وقاعدة بيانات وصلاحيات قبل اعتباره مكتملاً
17,إدارة الأسئلة الشائعة,موجودة جزئياً أو تحتاج اختباراً,يلزم تحقق وظيفي وقاعدة بيانات وصلاحيات قبل اعتباره مكتملاً
18,مركز SEO,موجودة جزئياً أو تحتاج اختباراً,توجد بيانات SEO على صفحات؛ تحرير شامل من الإدارة غير مثبت
19,إدارة النماذج والطلبات,موجودة جزئياً أو تحتاج اختباراً,يلزم تحقق وظيفي وقاعدة بيانات وصلاحيات قبل اعتباره مكتملاً
20,إدارة الوسائط والفيديوهات,موجودة جزئياً أو تحتاج اختباراً,يلزم تحقق وظيفي وقاعدة بيانات وصلاحيات قبل اعتباره مكتملاً
21,مراجعة واعتماد المحتوى,غير مكتملة / غير مثبتة,يلزم سير موافقات خادمي ومراجعة طبية مستقلة
22,رسائل المرضى والتقييمات,موجودة جزئياً أو تحتاج اختباراً,يلزم تحقق وظيفي وقاعدة بيانات وصلاحيات قبل اعتباره مكتملاً
23,الإعدادات العامة,موجودة جزئياً أو تحتاج اختباراً,يلزم تحقق وظيفي وقاعدة بيانات وصلاحيات قبل اعتباره مكتملاً
24,مساعد ذكي للمحتوى الطبي,غير مكتملة / غير مثبتة,غير متصل بمساعد ذكاء اصطناعي ولم يتم اعتماده طبيًا
25,اكتشاف المحتوى المكرر,موجودة جزئياً أو تحتاج اختباراً,يلزم تحقق وظيفي وقاعدة بيانات وصلاحيات قبل اعتباره مكتملاً
26,ربط المحتوى الطبي,موجودة جزئياً أو تحتاج اختباراً,يلزم تحقق وظيفي وقاعدة بيانات وصلاحيات قبل اعتباره مكتملاً
27,الحملات التوعوية,غير مكتملة / غير مثبتة,يلزم تحقق وظيفي وقاعدة بيانات وصلاحيات قبل اعتباره مكتملاً
28,تحليلات الزيارات والتفاعل,غير مكتملة / غير مثبتة,لا يمكن الادعاء بوجود تحليلات دون مصدر بيانات حقيقي
29,مراقبة الأداء,موجودة جزئياً أو تحتاج اختباراً,يلزم تحقق وظيفي وقاعدة بيانات وصلاحيات قبل اعتباره مكتملاً
30,اختبار شامل قبل النشر,موجودة جزئياً أو تحتاج اختباراً,فحوص ملفات محلية لا تحل محل اختبار E2E وصلاحيات
31,بيئة تجريبية منفصلة,غير مكتملة / غير مثبتة,يلزم مشروع Supabase تجريبي منفصل ومستودع بيئة اختبار
32,استيراد وتصدير المحتوى,موجودة جزئياً أو تحتاج اختباراً,تمت إضافة تصدير CSV للبيانات غير الحساسة المصرح بها؛ الاستيراد يتطلب معاينة وسياسات
33,متابعة المهام,غير مكتملة / غير مثبتة,يلزم تحقق وظيفي وقاعدة بيانات وصلاحيات قبل اعتباره مكتملاً
34,لوحة إدارة متوافقة مع الجوال,موجودة جزئياً أو تحتاج اختباراً,يلزم تحقق وظيفي وقاعدة بيانات وصلاحيات قبل اعتباره مكتملاً
35,مركز المساعدة والتشخيص,موجودة جزئياً أو تحتاج اختباراً,يلزم تحقق وظيفي وقاعدة بيانات وصلاحيات قبل اعتباره مكتملاً
36,السحب والإفلات للأقسام,غير مكتملة / غير مثبتة,يلزم تحقق وظيفي وقاعدة بيانات وصلاحيات قبل اعتباره مكتملاً
37,محرر طبي متقدم,موجودة جزئياً أو تحتاج اختباراً,يلزم تحقق وظيفي وقاعدة بيانات وصلاحيات قبل اعتباره مكتملاً
38,مراجعة الروابط قبل الحذف,غير مكتملة / غير مثبتة,يلزم تحقق وظيفي وقاعدة بيانات وصلاحيات قبل اعتباره مكتملاً
39,الأرشفة والاستعادة,موجودة جزئياً أو تحتاج اختباراً,يلزم تحقق وظيفي وقاعدة بيانات وصلاحيات قبل اعتباره مكتملاً
40,إدارة الصور الطبية,موجودة جزئياً أو تحتاج اختباراً,يلزم تحقق وظيفي وقاعدة بيانات وصلاحيات قبل اعتباره مكتملاً
41,مؤهلات وشهادات الطبيب,موجودة جزئياً أو تحتاج اختباراً,يلزم تحقق وظيفي وقاعدة بيانات وصلاحيات قبل اعتباره مكتملاً
42,الدوام والإجازات,موجودة جزئياً أو تحتاج اختباراً,يلزم تحقق وظيفي وقاعدة بيانات وصلاحيات قبل اعتباره مكتملاً
43,الإعلانات المؤقتة,غير مكتملة / غير مثبتة,يلزم تحقق وظيفي وقاعدة بيانات وصلاحيات قبل اعتباره مكتملاً
44,إشعارات واتساب الرسمية,غير مكتملة / غير مثبتة,يلزم موفر WhatsApp Business API وموافقات المستخدمين
45,التحقق من المدخلات,موجودة جزئياً أو تحتاج اختباراً,يلزم تحقق وظيفي وقاعدة بيانات وصلاحيات قبل اعتباره مكتملاً
46,موافقات الخصوصية,غير مكتملة / غير مثبتة,تحتاج سياسة الاحتفاظ والموافقة وتحديث نموذج الحجز وقاعدة البيانات
47,ملفات PDF التوعوية,غير مكتملة / غير مثبتة,يلزم تحقق وظيفي وقاعدة بيانات وصلاحيات قبل اعتباره مكتملاً
48,إمكانية الوصول,موجودة جزئياً أو تحتاج اختباراً,يلزم تحقق وظيفي وقاعدة بيانات وصلاحيات قبل اعتباره مكتملاً
49,مراقبة الأخطاء التقنية,غير مكتملة / غير مثبتة,لا تُجمع أي بيانات مرضى في أدوات الفحص الجديدة
50,جاهزية الإطلاق,غير مكتملة / غير مثبتة,قائمة فحص مدعومة بأدلة محلية؛ اعتماد الإطلاق يدوي
